name,description,img,price
Blade II,"Vestibulum ac est lacinia nisi venenatis tristique. Fusce congue, diam id ornare imperdiet, sapien urna pretium nisl, ut volutpat sapien arcu sed augue. Aliquam erat volutpat.",http://dummyimage.com/159x137.png/5fa2dd/ffffff,7.4
Answer This!,Suspendisse potenti. In eleifend quam a odio. In hac habitasse platea dictumst.,http://dummyimage.com/133x153.bmp/cc0000/ffffff,6.9
Once,"Etiam vel augue. Vestibulum rutrum rutrum neque. Aenean auctor gravida sem.

Praesent id massa id nisl venenatis lacinia. Aenean sit amet justo. Morbi ut odio.

Cras mi pede, malesuada in, imperdiet et, commodo vulputate, justo. In blandit ultrices enim. Lorem ipsum dolor sit amet, consectetuer adipiscing elit.",http://dummyimage.com/193x114.png/dddddd/000000,31.0
Lipton Cockton in the Shadows of Sodoma,"Fusce consequat. Nulla nisl. Nunc nisl.

Duis bibendum, felis sed interdum venenatis, turpis enim blandit mi, in porttitor pede justo eu massa. Donec dapibus. Duis at velit eu est congue elementum.",http://dummyimage.com/199x198.bmp/dddddd/000000,32.7
Gorilla at Large,"In hac habitasse platea dictumst. Etiam faucibus cursus urna. Ut tellus.

Nulla ut erat id mauris vulputate elementum. Nullam varius. Nulla facilisi.",http://dummyimage.com/246x156.png/ff4444/ffffff,85.4
Long Day's Journey Into Night,"Aenean lectus. Pellentesque eget nunc. Donec quis orci eget orci vehicula condimentum.

Curabitur in libero ut massa volutpat convallis. Morbi odio odio, elementum eu, interdum eu, tincidunt in, leo. Maecenas pulvinar lobortis est.

Phasellus sit amet erat. Nulla tempus. Vivamus in felis eu sapien cursus vestibulum.",http://dummyimage.com/131x250.png/cc0000/ffffff,90.8
"Ape, The (Apan)","Vestibulum ac est lacinia nisi venenatis tristique. Fusce congue, diam id ornare imperdiet, sapien urna pretium nisl, ut volutpat sapien arcu sed augue. Aliquam erat volutpat.

In congue. Etiam justo. Etiam pretium iaculis justo.",http://dummyimage.com/102x236.png/cc0000/ffffff,82.9
Tennessee Johnson,"Cras mi pede, malesuada in, imperdiet et, commodo vulputate, justo. In blandit ultrices enim. Lorem ipsum dolor sit amet, consectetuer adipiscing elit.

Proin interdum mauris non ligula pellentesque ultrices. Phasellus id sapien in sapien iaculis congue. Vivamus metus arcu, adipiscing molestie, hendrerit at, vulputate vitae, nisl.

Aenean lectus. Pellentesque eget nunc. Donec quis orci eget orci vehicula condimentum.",http://dummyimage.com/131x242.jpg/5fa2dd/ffffff,27.2
"Return, The (Vozvrashcheniye)","Morbi non lectus. Aliquam sit amet diam in magna bibendum imperdiet. Nullam orci pede, venenatis non, sodales sed, tincidunt eu, felis.",http://dummyimage.com/175x124.png/dddddd/000000,71.7
Female Prisoner #701: Scorpion (Joshuu 701-g√¥: Sasori),"Sed ante. Vivamus tortor. Duis mattis egestas metus.

Aenean fermentum. Donec ut mauris eget massa tempor convallis. Nulla neque libero, convallis eget, eleifend luctus, ultricies eu, nibh.",http://dummyimage.com/107x207.png/cc0000/ffffff,64.2
